cluster_id	KSLabel
0	mua
1	good
2	mua
3	good
4	good
5	good
7	mua
8	good
9	mua
10	good
11	mua
12	mua
13	good
15	good
16	good
17	good
18	good
19	mua
20	mua
21	mua
22	good
23	good
24	mua
25	mua
26	good
28	good
29	mua
30	good
31	good
32	good
33	good
34	mua
35	good
36	good
37	mua
38	good
39	good
40	good
42	mua
43	mua
44	mua
45	mua
46	good
47	mua
48	good
49	good
50	good
51	mua
52	good
53	mua
54	mua
55	good
56	good
57	mua
58	good
59	mua
60	mua
61	mua
62	mua
63	mua
64	mua
65	good
66	good
67	mua
68	mua
69	mua
70	good
71	mua
72	mua
73	mua
74	good
75	good
76	mua
77	mua
78	good
79	good
80	good
81	mua
82	good
83	good
84	good
85	good
86	good
87	mua
88	mua
89	mua
90	mua
91	mua
92	good
93	mua
94	mua
95	mua
96	good
97	good
98	good
99	good
100	good
101	mua
102	mua
103	mua
104	good
105	mua
106	good
107	mua
108	mua
109	good
110	good
111	mua
112	good
113	good
114	good
115	good
116	mua
117	good
118	good
119	mua
120	mua
121	mua
122	mua
123	good
124	good
125	good
126	mua
127	mua
128	mua
129	good
130	mua
131	mua
133	good
134	good
135	good
136	good
137	mua
138	mua
139	mua
140	good
141	good
142	mua
143	good
144	mua
145	mua
146	good
147	good
148	mua
149	good
150	mua
151	good
152	good
153	good
154	good
155	mua
156	mua
157	mua
158	good
159	good
160	good
161	good
162	mua
163	mua
164	good
165	good
166	mua
167	good
168	mua
169	good
170	mua
171	good
172	mua
173	good
174	mua
175	good
176	good
177	good
178	mua
179	mua
180	good
181	good
182	mua
183	good
