cluster_id	group
0	noise
1	good
2	noise
3	good
4	good
5	good
6	noise
7	good
8	noise
9	good
10	good
11	good
12	good
13	noise
14	good
15	good
16	noise
17	noise
18	noise
19	good
20	good
21	good
22	noise
23	good
24	good
25	noise
26	noise
27	good
28	good
29	noise
30	noise
31	noise
32	noise
33	good
34	good
35	good
36	good
37	good
38	good
39	noise
40	good
41	good
42	good
44	noise
45	noise
46	good
47	good
48	good
49	good
50	good
51	noise
52	good
53	noise
54	noise
55	noise
56	noise
57	good
58	good
59	noise
60	good
61	good
62	good
63	noise
64	noise
65	noise
66	good
67	good
68	noise
69	good
70	good
71	good
72	noise
73	good
74	good
75	good
76	good
77	noise
78	noise
79	good
80	good
81	good
82	noise
83	good
84	noise
85	noise
86	noise
87	good
88	good
