{
    "sorter_name": "kilosort2",
    "datetime": "2023-05-12T18:21:43.179740",
    "runtime_trace": [
        "------------------------------------------",
        "Setting up environment variables",
        "---",
        "LD_LIBRARY_PATH is .:/usr/local/MATLAB/MATLAB_Runtime/v97/runtime/glnxa64:/usr/local/MATLAB/MATLAB_Runtime/v97/bin/glnxa64:/usr/local/MATLAB/MATLAB_Runtime/v97/sys/os/glnxa64:/usr/local/MATLAB/MATLAB_Runtime/v97/extern/bin/glnxa64",
        "Time   1s. Determining good channels..",
        "found 532416 threshold crossings in 210.49 seconds of data",
        "found 31 bad channels",
        "Time  46s. Computing whitening matrix..",
        "Getting channel whitening matrix...",
        "Channel-whitening matrix computed.",
        "Time  49s. Loading raw data and applying filters...",
        "Time  84s. Finished preprocessing 65 batches.",
        "random seed for clusterSingleBatches: 1",
        "Obtained 7 PC waveforms in 1.52 seconds",
        "time 2.18, pre clustered 1 / 65 batches",
        "time 0.45, compared 1 / 65 batches",
        "time 18.43, Re-ordered 65 batches.",
        "Time  21s. Optimizing templates ...",
        "22.35 sec, 1 / 66 batches, 197 units, nspks: 69.2760, mu: 18.3147, nst0: 126, merges: 0.0000, 0.0000",
        "Elapsed time is 52.388965 seconds.",
        "Finished learning templates",
        "Time  53s. Optimizing templates ...",
        "52.94 sec, 1 / 33 batches, 47 units, nspks: 10.2000, mu: 26.8036, nst0: 278",
        "Elapsed time is 59.173149 seconds.",
        "Time  59s. Optimizing templates ...",
        "59.44 sec, 1 / 32 batches, 47 units, nspks: 11.0000, mu: 26.8036, nst0: 293",
        "Elapsed time is 67.216082 seconds.",
        "Number of spikes before applying cutoff: 97631",
        "Finished compressing time-varying templates",
        "initialized spike counts",
        "Found 0 splits, checked 1/47 clusters, nccg 0",
        "Finished splitting. Found 10 splits, checked 57/57 clusters, nccg 8",
        "Found 0 splits, checked 1/57 clusters, nccg 0",
        "Finished splitting. Found 0 splits, checked 57/57 clusters, nccg 9",
        "Removing 21771 spikes from rez structure.",
        "found 17 good units",
        "Saving results to Phy"
    ],
    "error": false,
    "run_time": 269.87671273897286
}