cluster_id	group
9	noise
15	noise
17	noise
20	noise
25	noise
26	unsorted
33	noise
44	noise
46	noise
54	noise
58	noise
59	noise
60	noise
61	noise
62	noise
67	noise
71	unsorted
74	noise
75	noise
76	noise
77	noise
78	noise
79	noise
80	noise
81	noise
82	noise
83	noise
84	noise
87	noise
88	noise
89	noise
90	noise
91	noise
92	noise
93	noise
94	noise
96	noise
105	noise
106	noise
109	noise
117	unsorted
122	noise
126	noise
130	noise
134	noise
137	noise
156	noise
160	noise
168	noise
172	noise
173	noise
174	noise
176	noise
177	noise
180	noise
182	noise
185	noise
186	noise
187	noise
188	noise
189	noise
190	noise
192	noise
193	noise
195	noise
196	noise
197	noise
198	noise
199	noise
200	noise
204	noise
209	noise
210	noise
211	noise
213	noise
214	noise
215	noise
217	noise
218	noise
222	noise
224	noise
225	noise
226	noise
227	noise
229	noise
