{
    "sorter_name": "kilosort2",
    "datetime": "2023-07-31T19:04:01.602676",
    "runtime_trace": [
        "------------------------------------------",
        "Setting up environment variables",
        "---",
        "LD_LIBRARY_PATH is .:/usr/local/MATLAB/MATLAB_Runtime/v97/runtime/glnxa64:/usr/local/MATLAB/MATLAB_Runtime/v97/bin/glnxa64:/usr/local/MATLAB/MATLAB_Runtime/v97/sys/os/glnxa64:/usr/local/MATLAB/MATLAB_Runtime/v97/extern/bin/glnxa64",
        "Time   0s. Determining good channels..",
        "Warning: The CUDA driver must recompile the GPU libraries because your device is more recent than the libraries. Recompiling can take several minutes.",
        "> In get_good_channels (line 26)",
        "In preprocessDataSub (line 34)",
        "In kilosort_compiled (line 14)",
        "found 386793 threshold crossings in 200.08 seconds of data",
        "found 257 bad channels",
        "Time 671s. Computing whitening matrix..",
        "Getting channel whitening matrix...",
        "Channel-whitening matrix computed.",
        "Time 790s. Loading raw data and applying filters...",
        "Time 823s. Finished preprocessing 122 batches.",
        "random seed for clusterSingleBatches: 1",
        "Obtained 7 PC waveforms in 0.96 seconds",
        "time 0.89, pre clustered 1 / 122 batches",
        "time 0.25, compared 1 / 122 batches",
        "time 12.09, Re-ordered 122 batches.",
        "Time  13s. Optimizing templates ...",
        "15.56 sec, 1 / 122 batches, 154 units, nspks: 67.1164, mu: 20.1844, nst0: 358, merges: 0.0000, 0.0000",
        "35.98 sec, 101 / 122 batches, 256 units, nspks: 1251.2647, mu: 19.7199, nst0: 1242, merges: 339.4413, 0.0285",
        "Elapsed time is 40.341953 seconds.",
        "Finished learning templates",
        "Time  41s. Optimizing templates ...",
        "41.07 sec, 1 / 61 batches, 169 units, nspks: 57.5000, mu: 23.7642, nst0: 1673",
        "Elapsed time is 47.903230 seconds.",
        "Time  48s. Optimizing templates ...",
        "48.17 sec, 1 / 61 batches, 169 units, nspks: 58.9500, mu: 23.7642, nst0: 1764",
        "Elapsed time is 57.420522 seconds.",
        "Number of spikes before applying cutoff: 261269",
        "Finished compressing time-varying templates",
        "initialized spike counts",
        "merged 128 into 129",
        "merged 98 into 97",
        "Found 0 splits, checked 1/169 clusters, nccg 0",
        "Found 1 splits, checked 1/170 clusters, nccg 0",
        "Found 22 splits, checked 101/191 clusters, nccg 15",
        "Found 50 splits, checked 201/219 clusters, nccg 35",
        "Finished splitting. Found 51 splits, checked 220/220 clusters, nccg 38",
        "Found 0 splits, checked 1/220 clusters, nccg 0",
        "Found 4 splits, checked 101/224 clusters, nccg 13",
        "Found 8 splits, checked 201/228 clusters, nccg 36",
        "Finished splitting. Found 9 splits, checked 229/229 clusters, nccg 42",
        "Removing 69102 spikes from rez structure.",
        "found 87 good units",
        "Saving results to Phy"
    ],
    "error": false,
    "run_time": 1293.7921878888737
}