{
    "sorter_name": "kilosort2",
    "datetime": "2022-10-21T18:56:09.187807",
    "runtime_trace": [
        "------------------------------------------",
        "Setting up environment variables",
        "---",
        "LD_LIBRARY_PATH is .:/usr/local/MATLAB/MATLAB_Runtime/v97/runtime/glnxa64:/usr/local/MATLAB/MATLAB_Runtime/v97/bin/glnxa64:/usr/local/MATLAB/MATLAB_Runtime/v97/sys/os/glnxa64:/usr/local/MATLAB/MATLAB_Runtime/v97/extern/bin/glnxa64",
        "Time   1s. Determining good channels..",
        "found 524295 threshold crossings in 318.16 seconds of data",
        "found 85 bad channels",
        "Time  83s. Computing whitening matrix..",
        "Getting channel whitening matrix...",
        "Channel-whitening matrix computed.",
        "Time  90s. Loading raw data and applying filters...",
        "Time 413s. Finished preprocessing 388 batches.",
        "random seed for clusterSingleBatches: 1",
        "Obtained 7 PC waveforms in 3.11 seconds",
        "time 1.95, pre clustered 1 / 388 batches",
        "time 0.42, compared 1 / 388 batches",
        "time 67.52, Re-ordered 388 batches.",
        "Time  76s. Optimizing templates ...",
        "77.49 sec, 1 / 388 batches, 179 units, nspks: 62.0204, mu: 17.0292, nst0: 97, merges: 0.1000, 0.0000",
        "119.91 sec, 101 / 388 batches, 118 units, nspks: 112.9590, mu: 10.0000, nst0: 82, merges: 431.7455, 0.0000",
        "185.92 sec, 201 / 388 batches, 490 units, nspks: 10414.9753, mu: 20.2244, nst0: 17756, merges: 468.2502, 0.7807",
        "238.32 sec, 301 / 388 batches, 251 units, nspks: 204.8577, mu: 13.3266, nst0: 45, merges: 495.2037, 0.1925",
        "Elapsed time is 269.920829 seconds.",
        "Finished learning templates",
        "Time 270s. Optimizing templates ...",
        "270.29 sec, 1 / 194 batches, 24 units, nspks: 1.5500, mu: 17.7530, nst0: 259",
        "283.63 sec, 101 / 194 batches, 24 units, nspks: 57.8444, mu: 17.0111, nst0: 324",
        "Elapsed time is 297.553366 seconds.",
        "Time 298s. Optimizing templates ...",
        "297.83 sec, 1 / 194 batches, 24 units, nspks: 2.3000, mu: 17.7530, nst0: 244",
        "320.04 sec, 101 / 194 batches, 24 units, nspks: 90.8212, mu: 16.4374, nst0: 599",
        "Elapsed time is 341.705866 seconds.",
        "Number of spikes before applying cutoff: 237230",
        "Finished compressing time-varying templates",
        "initialized spike counts",
        "Found 0 splits, checked 1/24 clusters, nccg 0",
        "Finished splitting. Found 14 splits, checked 38/38 clusters, nccg 1",
        "Found 0 splits, checked 1/38 clusters, nccg 0",
        "Finished splitting. Found 0 splits, checked 38/38 clusters, nccg 3",
        "Removing 158684 spikes from rez structure.",
        "found 6 good units",
        "Saving results to Phy"
    ],
    "error": false,
    "run_time": 1065.084813058027
}