{
    "sorter_name": "kilosort2",
    "datetime": "2022-10-21T18:55:37.144763",
    "runtime_trace": [
        "------------------------------------------",
        "Setting up environment variables",
        "---",
        "LD_LIBRARY_PATH is .:/usr/local/MATLAB/MATLAB_Runtime/v97/runtime/glnxa64:/usr/local/MATLAB/MATLAB_Runtime/v97/bin/glnxa64:/usr/local/MATLAB/MATLAB_Runtime/v97/sys/os/glnxa64:/usr/local/MATLAB/MATLAB_Runtime/v97/extern/bin/glnxa64",
        "Time   0s. Determining good channels..",
        "found 265618 threshold crossings in 268.96 seconds of data",
        "found 134 bad channels",
        "Time  54s. Computing whitening matrix..",
        "Getting channel whitening matrix...",
        "Channel-whitening matrix computed.",
        "Time  59s. Loading raw data and applying filters...",
        "Time 318s. Finished preprocessing 410 batches.",
        "random seed for clusterSingleBatches: 1",
        "Obtained 7 PC waveforms in 4.23 seconds",
        "time 1.65, pre clustered 1 / 410 batches",
        "time 0.41, compared 1 / 410 batches",
        "time 66.84, Re-ordered 410 batches.",
        "Time  76s. Optimizing templates ...",
        "77.10 sec, 1 / 410 batches, 191 units, nspks: 65.9408, mu: 18.6087, nst0: 98, merges: 0.2000, 0.0000",
        "116.40 sec, 101 / 410 batches, 107 units, nspks: 102.0590, mu: 10.0000, nst0: 191, merges: 416.9558, 0.0000",
        "154.13 sec, 201 / 410 batches, 103 units, nspks: 100.7200, mu: 10.0000, nst0: 90, merges: 469.8337, 0.0000",
        "189.10 sec, 301 / 410 batches, 107 units, nspks: 110.5264, mu: 10.0000, nst0: 83, merges: 477.4340, 0.0000",
        "225.31 sec, 401 / 410 batches, 111 units, nspks: 118.7300, mu: 10.0000, nst0: 92, merges: 479.3829, 0.0000",
        "Elapsed time is 228.545700 seconds.",
        "Finished learning templates",
        "Time 229s. Optimizing templates ...",
        "228.92 sec, 1 / 205 batches, 8 units, nspks: 5.3000, mu: 12.9835, nst0: 624",
        "243.63 sec, 101 / 205 batches, 8 units, nspks: 82.1447, mu: 12.4902, nst0: 576",
        "257.84 sec, 201 / 205 batches, 8 units, nspks: 94.0126, mu: 12.1432, nst0: 643",
        "Elapsed time is 258.403298 seconds.",
        "Time 259s. Optimizing templates ...",
        "258.69 sec, 1 / 205 batches, 8 units, nspks: 4.1500, mu: 12.9835, nst0: 540",
        "281.25 sec, 101 / 205 batches, 8 units, nspks: 118.0921, mu: 12.3096, nst0: 826",
        "305.07 sec, 201 / 205 batches, 8 units, nspks: 108.0368, mu: 12.1513, nst0: 772",
        "Elapsed time is 306.066317 seconds.",
        "Number of spikes before applying cutoff: 260634",
        "Finished compressing time-varying templates",
        "initialized spike counts",
        "Found 0 splits, checked 1/8 clusters, nccg 0",
        "Finished splitting. Found 1 splits, checked 9/9 clusters, nccg 1",
        "Found 0 splits, checked 1/9 clusters, nccg 0",
        "Finished splitting. Found 0 splits, checked 9/9 clusters, nccg 1",
        "Removing 214790 spikes from rez structure.",
        "found 2 good units",
        "Saving results to Phy"
    ],
    "error": false,
    "run_time": 1040.7143535711803
}