cluster_id	KSLabel
0	mua
1	mua
2	good
3	mua
4	mua
5	mua
6	mua
7	mua
8	mua
9	mua
10	mua
11	mua
12	mua
13	mua
14	mua
15	mua
16	mua
17	mua
18	mua
19	good
20	mua
22	mua
23	mua
24	mua
25	mua
26	mua
27	mua
28	mua
29	mua
30	mua
31	mua
32	mua
33	mua
34	good
35	mua
36	mua
37	mua
38	mua
39	mua
40	mua
41	mua
42	mua
43	good
44	good
45	mua
46	mua
47	mua
48	mua
49	mua
50	mua
51	mua
52	good
53	good
54	mua
55	mua
56	mua
57	mua
58	mua
59	mua
60	mua
61	mua
62	mua
63	good
64	mua
65	mua
66	mua
67	mua
68	good
69	mua
70	mua
71	mua
72	mua
73	mua
74	mua
75	good
76	mua
77	good
78	mua
79	mua
80	mua
81	mua
82	mua
83	mua
84	good
85	mua
86	mua
87	mua
88	mua
89	good
90	mua
91	mua
92	mua
93	good
94	mua
95	mua
96	mua
97	mua
98	mua
99	mua
100	mua
101	mua
102	mua
103	mua
104	mua
105	mua
106	good
107	mua
108	mua
109	mua
110	mua
111	good
112	good
113	good
114	mua
115	mua
116	mua
117	mua
118	good
119	good
120	mua
121	mua
122	good
123	mua
124	mua
125	mua
126	mua
127	good
128	good
129	mua
130	mua
131	mua
132	mua
133	mua
134	good
135	good
136	mua
137	good
138	mua
139	mua
140	mua
141	mua
142	good
143	good
145	mua
146	mua
148	mua
149	mua
150	mua
151	good
152	mua
153	good
154	mua
155	mua
156	good
158	mua
163	mua
165	mua
