cluster_id	group
0	good
1	noise
2	noise
3	good
4	good
5	good
6	noise
7	noise
8	good
9	good
10	good
11	noise
12	good
13	noise
14	good
15	good
16	noise
17	good
18	good
19	good
20	good
22	good
23	noise
24	noise
25	noise
26	good
27	good
28	good
29	good
30	good
31	noise
32	good
33	good
34	good
35	good
36	noise
37	good
38	noise
39	noise
40	good
41	noise
42	good
43	good
44	good
45	noise
46	good
47	noise
48	good
49	noise
50	good
51	good
52	good
53	good
54	good
55	good
56	noise
57	noise
58	good
59	good
60	good
61	noise
62	good
63	noise
64	good
65	good
66	good
67	good
68	good
69	good
70	good
71	good
72	noise
73	noise
74	noise
75	good
76	good
77	good
78	good
79	noise
80	noise
81	good
82	good
83	good
84	good
85	good
86	good
87	good
88	good
89	noise
90	good
91	good
92	noise
93	noise
94	noise
95	good
96	noise
97	noise
98	noise
99	good
100	noise
101	good
102	good
103	noise
104	noise
105	noise
106	good
107	noise
108	good
109	good
110	good
111	good
112	good
113	noise
114	good
115	good
116	good
117	good
118	good
119	noise
120	noise
121	good
122	good
123	good
124	good
125	good
126	good
127	good
128	good
129	noise
130	noise
131	good
132	noise
133	noise
134	noise
135	good
136	good
137	good
138	good
139	good
140	good
141	good
142	good
143	good
145	good
146	good
148	good
149	good
150	noise
151	good
152	good
153	good
154	good
155	good
156	good
158	good
163	good
165	good
