cluster_id	group
0	good
1	good
2	good
3	noise
4	good
5	good
6	mua
7	mua
8	good
9	noise
10	good
11	good
12	good
13	noise
14	good
15	good
16	noise
17	mua
18	noise
19	good
20	noise
21	good
22	noise
23	noise
24	good
25	good
26	good
27	good
28	good
29	good
30	noise
31	good
32	noise
33	good
34	good
35	good
36	good
37	good
38	mua
39	good
41	good
42	good
43	noise
44	good
45	good
46	good
47	good
48	good
49	good
50	good
51	good
52	good
53	noise
54	good
55	good
56	noise
57	good
58	noise
59	good
60	good
61	good
62	good
63	good
64	noise
65	noise
66	good
67	good
68	good
69	good
70	good
71	good
72	noise
73	good
74	good
75	good
76	noise
77	noise
78	good
79	good
80	noise
81	mua
82	good
83	noise
84	noise
85	good
86	noise
87	good
88	good
89	good
90	good
91	good
92	mua
93	good
94	mua
95	good
96	good
97	good
98	good
99	good
100	mua
101	good
102	good
103	mua
104	mua
105	noise
106	good
107	mua
108	good
109	noise
110	mua
111	good
112	noise
113	good
114	noise
115	good
116	good
117	noise
118	good
119	noise
120	noise
121	noise
122	noise
123	noise
124	good
125	good
126	good
127	good
128	good
129	good
130	mua
131	good
132	good
133	good
