cluster_id	KSLabel
0	mua
1	mua
2	mua
3	mua
4	mua
5	mua
6	good
7	mua
8	good
9	mua
10	good
11	good
12	good
13	good
14	mua
15	mua
16	mua
17	mua
18	good
19	mua
20	good
21	mua
22	good
23	good
24	mua
25	mua
26	mua
27	mua
28	good
29	good
30	mua
31	mua
32	mua
33	mua
34	mua
35	mua
36	mua
37	good
38	mua
39	mua
41	mua
42	mua
43	good
44	good
45	good
46	mua
47	mua
48	mua
49	good
50	mua
51	good
52	good
53	good
54	mua
55	mua
56	good
57	mua
58	good
59	mua
60	good
61	mua
62	mua
63	good
64	mua
65	good
66	mua
67	mua
68	good
69	mua
70	mua
71	mua
72	good
73	mua
74	mua
75	mua
76	good
77	good
78	mua
79	mua
80	mua
81	mua
82	good
83	good
84	good
85	mua
86	mua
87	good
88	mua
89	good
90	good
91	mua
92	mua
93	mua
94	mua
95	mua
96	good
97	mua
98	mua
99	mua
100	good
101	good
102	mua
103	good
104	mua
105	mua
106	good
107	good
108	mua
109	good
110	good
111	good
112	good
113	good
114	good
115	mua
116	mua
117	good
118	good
119	good
120	mua
121	mua
122	mua
123	mua
124	mua
125	mua
126	good
127	good
128	good
129	good
130	mua
131	good
132	mua
133	mua
