{
    "sorter_name": "kilosort2",
    "datetime": "2023-07-31T19:03:18.901150",
    "runtime_trace": [
        "------------------------------------------",
        "Setting up environment variables",
        "---",
        "LD_LIBRARY_PATH is .:/usr/local/MATLAB/MATLAB_Runtime/v97/runtime/glnxa64:/usr/local/MATLAB/MATLAB_Runtime/v97/bin/glnxa64:/usr/local/MATLAB/MATLAB_Runtime/v97/sys/os/glnxa64:/usr/local/MATLAB/MATLAB_Runtime/v97/extern/bin/glnxa64",
        "Time   0s. Determining good channels..",
        "Warning: The CUDA driver must recompile the GPU libraries because your device is more recent than the libraries. Recompiling can take several minutes.",
        "> In get_good_channels (line 26)",
        "In preprocessDataSub (line 34)",
        "In kilosort_compiled (line 14)",
        "found 304620 threshold crossings in 107.50 seconds of data",
        "found 54 bad channels",
        "Time 557s. Computing whitening matrix..",
        "Getting channel whitening matrix...",
        "Channel-whitening matrix computed.",
        "Time 681s. Loading raw data and applying filters...",
        "Time 693s. Finished preprocessing 33 batches.",
        "random seed for clusterSingleBatches: 1",
        "Obtained 7 PC waveforms in 0.85 seconds",
        "time 81.06, pre clustered 1 / 33 batches",
        "time 0.30, compared 1 / 33 batches",
        "time 7.68, Re-ordered 33 batches.",
        "Time   9s. Optimizing templates ...",
        "10.94 sec, 1 / 34 batches, 207 units, nspks: 80.7896, mu: 10.0000, nst0: 291, merges: 0.0000, 0.0000",
        "Elapsed time is 20.486544 seconds.",
        "Finished learning templates",
        "Time  21s. Optimizing templates ...",
        "21.28 sec, 1 / 17 batches, 125 units, nspks: 31.8000, mu: 29.4791, nst0: 734",
        "Elapsed time is 23.367970 seconds.",
        "Time  23s. Optimizing templates ...",
        "23.60 sec, 1 / 16 batches, 125 units, nspks: 33.7000, mu: 29.4791, nst0: 767",
        "Elapsed time is 25.592255 seconds.",
        "Number of spikes before applying cutoff: 25993",
        "Finished compressing time-varying templates",
        "initialized spike counts",
        "merged 41 into 104",
        "Found 0 splits, checked 1/125 clusters, nccg 0",
        "Found 6 splits, checked 101/131 clusters, nccg 3",
        "Finished splitting. Found 7 splits, checked 132/132 clusters, nccg 5",
        "Found 0 splits, checked 1/132 clusters, nccg 0",
        "Found 2 splits, checked 101/134 clusters, nccg 2",
        "Finished splitting. Found 2 splits, checked 134/134 clusters, nccg 6",
        "Removing 3595 spikes from rez structure.",
        "found 55 good units",
        "Saving results to Phy"
    ],
    "error": false,
    "run_time": 1113.2474398659542
}