cluster_id	group
0	good
1	good
2	noise
3	noise
4	good
5	good
7	noise
8	good
9	good
10	noise
11	good
12	noise
13	good
15	good
16	good
17	good
18	noise
19	good
20	good
21	good
22	noise
23	good
24	noise
25	noise
26	good
28	noise
29	noise
30	good
31	good
32	noise
33	good
34	good
35	good
36	noise
37	good
38	good
39	noise
40	noise
42	good
43	good
44	good
45	noise
46	good
47	good
48	noise
49	noise
50	good
51	good
52	good
53	noise
54	good
55	good
56	good
57	good
58	good
59	good
60	good
61	noise
62	good
63	good
64	good
65	good
66	good
67	noise
68	good
69	good
70	good
71	noise
72	noise
73	good
74	noise
75	good
76	good
77	noise
78	good
79	good
80	good
81	noise
82	good
83	good
84	good
85	good
86	good
87	noise
88	noise
89	good
90	noise
91	good
92	good
93	good
94	good
95	good
96	good
98	good
99	good
100	noise
101	noise
102	good
103	noise
104	good
105	good
106	noise
107	noise
108	noise
109	noise
110	good
111	good
112	noise
113	noise
114	noise
115	noise
116	noise
117	good
118	good
119	noise
120	good
121	noise
122	noise
123	noise
124	good
125	good
126	noise
127	good
128	noise
129	good
130	noise
131	good
133	good
134	good
135	good
136	good
137	good
138	noise
139	noise
140	good
141	good
142	good
143	good
144	noise
145	noise
146	noise
147	noise
148	noise
149	good
150	noise
151	good
152	good
153	good
154	good
155	good
156	noise
157	noise
158	good
159	good
160	good
161	good
162	noise
163	good
164	good
165	good
166	noise
167	good
168	good
169	good
170	good
171	good
172	good
173	good
174	good
175	good
176	good
177	good
178	good
179	noise
180	good
181	good
182	good
183	good
