cluster_id	group
2	noise
3	noise
4	noise
5	noise
6	noise
7	noise
8	noise
9	noise
10	noise
11	good
12	noise
13	noise
14	noise
15	good
16	noise
17	noise
18	noise
19	noise
20	noise
21	noise
22	noise
23	noise
24	noise
25	mua
26	noise
27	good
28	noise
29	noise
30	noise
31	good
32	noise
33	noise
34	good
35	good
36	noise
37	noise
38	good
39	noise
40	noise
41	good
42	noise
43	mua
44	noise
45	noise
46	mua
47	good
48	mua
49	good
50	noise
51	noise
52	noise
53	noise
54	noise
55	noise
56	good
57	noise
58	noise
59	noise
60	good
61	noise
62	noise
63	good
64	noise
65	noise
66	mua
67	good
68	noise
69	noise
70	noise
72	noise
73	noise
74	noise
75	good
76	noise
77	good
78	noise
79	good
80	good
81	good
82	noise
83	good
84	noise
86	good
87	good
88	good
89	good
90	good
91	noise
92	noise
93	good
94	good
96	noise
97	mua
98	noise
99	noise
100	good
101	noise
102	noise
103	mua
104	noise
105	noise
107	noise
108	good
109	good
110	noise
111	good
112	noise
113	noise
114	noise
116	noise
117	noise
118	noise
119	good
120	good
121	noise
122	noise
123	mua
124	noise
125	good
126	noise
127	noise
128	noise
129	noise
130	noise
131	mua
132	noise
133	noise
134	noise
135	noise
136	noise
139	noise
140	mua
141	noise
142	noise
145	noise
146	noise
147	noise
148	noise
