cluster_id	KSLabel
2	good
3	mua
4	good
5	mua
6	good
7	mua
8	good
9	good
10	good
11	good
12	mua
13	good
14	good
15	mua
16	mua
17	mua
18	good
19	mua
20	good
21	mua
22	mua
23	good
24	mua
25	mua
26	good
27	mua
28	good
29	mua
30	mua
31	good
32	mua
33	mua
34	mua
35	good
36	good
37	mua
38	mua
39	mua
40	good
41	mua
42	mua
43	mua
44	good
45	mua
46	mua
47	mua
48	good
49	mua
50	mua
51	mua
52	mua
53	mua
54	good
55	mua
56	mua
57	good
58	good
59	mua
60	good
61	mua
62	mua
63	mua
64	mua
65	good
66	mua
67	good
68	mua
69	good
70	mua
72	mua
73	mua
74	good
75	mua
76	mua
77	mua
78	mua
79	good
80	mua
81	mua
82	mua
83	good
84	mua
86	mua
87	mua
88	good
89	good
90	mua
91	mua
92	good
93	mua
94	good
96	mua
97	mua
98	mua
99	good
100	mua
101	mua
102	good
103	mua
104	mua
105	mua
107	mua
108	good
109	mua
110	mua
111	mua
112	mua
113	mua
114	good
116	mua
117	mua
118	good
119	good
120	good
121	good
122	good
123	good
124	good
125	mua
126	mua
127	good
128	mua
129	mua
130	good
131	mua
132	mua
133	mua
134	mua
135	good
136	mua
139	mua
140	mua
141	mua
142	mua
145	mua
146	mua
147	mua
148	mua
