{
    "sorter_name": "kilosort2",
    "datetime": "2022-11-02T20:30:30.426476",
    "runtime_trace": [
        "------------------------------------------",
        "Setting up environment variables",
        "---",
        "LD_LIBRARY_PATH is .:/usr/local/MATLAB/MATLAB_Runtime/v97/runtime/glnxa64:/usr/local/MATLAB/MATLAB_Runtime/v97/bin/glnxa64:/usr/local/MATLAB/MATLAB_Runtime/v97/sys/os/glnxa64:/usr/local/MATLAB/MATLAB_Runtime/v97/extern/bin/glnxa64",
        "Time   0s. Determining good channels..",
        "found 184840 threshold crossings in 209.92 seconds of data",
        "found 189 bad channels",
        "Time  49s. Computing whitening matrix..",
        "Getting channel whitening matrix...",
        "Channel-whitening matrix computed.",
        "Time  61s. Loading raw data and applying filters...",
        "Time 120s. Finished preprocessing 128 batches.",
        "random seed for clusterSingleBatches: 1",
        "Obtained 7 PC waveforms in 2.10 seconds",
        "time 1.54, pre clustered 1 / 128 batches",
        "time 0.44, compared 1 / 128 batches",
        "time 29.96, Re-ordered 128 batches.",
        "Time  34s. Optimizing templates ...",
        "35.75 sec, 1 / 128 batches, 157 units, nspks: 63.2996, mu: 10.0000, nst0: 261, merges: 0.4000, 0.0000",
        "80.06 sec, 101 / 128 batches, 222 units, nspks: 623.5533, mu: 17.9413, nst0: 569, merges: 384.9643, 0.0000",
        "Elapsed time is 92.070890 seconds.",
        "Finished learning templates",
        "Time  93s. Optimizing templates ...",
        "93.56 sec, 1 / 64 batches, 127 units, nspks: 31.6500, mu: 24.7725, nst0: 1476",
        "Elapsed time is 106.439932 seconds.",
        "Time 107s. Optimizing templates ...",
        "106.96 sec, 1 / 64 batches, 127 units, nspks: 28.6000, mu: 24.7725, nst0: 1377",
        "Elapsed time is 120.052000 seconds.",
        "Number of spikes before applying cutoff: 198676",
        "Finished compressing time-varying templates",
        "initialized spike counts",
        "merged 96 into 120",
        "merged 72 into 14",
        "merged 116 into 44",
        "Found 0 splits, checked 1/127 clusters, nccg 0",
        "Found 5 splits, checked 101/132 clusters, nccg 11",
        "Finished splitting. Found 6 splits, checked 133/133 clusters, nccg 13",
        "Found 0 splits, checked 1/133 clusters, nccg 0",
        "Found 3 splits, checked 101/136 clusters, nccg 11",
        "Finished splitting. Found 4 splits, checked 137/137 clusters, nccg 14",
        "Removing 108342 spikes from rez structure.",
        "found 48 good units",
        "Saving results to Phy"
    ],
    "error": false,
    "run_time": 399.12913718799973
}