cluster_id	group
0	good
1	good
2	mua
3	good
4	good
5	mua
6	mua
7	good
9	noise
10	good
11	mua
12	good
13	mua
14	good
15	noise
16	good
17	noise
18	good
19	good
20	noise
21	good
22	good
23	good
24	good
25	noise
26	good
27	good
28	good
29	mua
30	mua
31	good
32	good
33	noise
34	mua
35	good
36	good
37	good
39	noise
41	mua
42	good
43	good
44	noise
45	good
46	noise
47	good
48	good
49	good
50	good
51	noise
52	mua
53	good
54	noise
55	good
57	mua
58	noise
59	noise
60	noise
61	noise
62	noise
63	good
64	good
65	good
66	mua
67	noise
68	good
71	noise
72	good
73	good
74	noise
75	noise
76	noise
77	noise
78	noise
79	noise
80	noise
81	noise
82	noise
83	noise
84	noise
85	mua
86	mua
87	noise
88	noise
89	noise
90	noise
91	noise
92	noise
93	noise
94	noise
95	good
96	noise
98	good
99	good
100	good
101	good
102	noise
103	mua
105	noise
106	noise
107	good
108	good
109	noise
110	good
111	good
112	good
113	good
114	good
115	good
116	good
117	mua
118	good
119	good
120	good
121	good
122	noise
124	good
125	good
126	noise
129	good
130	noise
131	noise
132	good
133	good
134	noise
135	good
136	good
137	noise
138	good
139	mua
140	good
141	good
142	good
143	good
144	good
145	good
146	good
147	mua
148	good
149	good
150	good
151	good
153	mua
154	good
155	good
156	noise
157	good
158	good
159	good
160	noise
161	good
162	good
163	good
164	mua
165	good
166	good
167	good
168	noise
169	good
170	good
172	noise
173	noise
174	noise
175	good
176	noise
177	noise
178	mua
179	good
180	noise
182	noise
183	mua
184	mua
185	noise
186	noise
187	noise
188	noise
189	noise
190	noise
192	noise
193	noise
194	good
195	noise
196	noise
197	noise
198	noise
199	noise
200	noise
201	good
202	good
203	good
204	noise
205	good
206	good
207	good
208	good
209	noise
210	noise
211	noise
212	mua
213	noise
214	noise
215	noise
217	noise
218	noise
219	good
220	good
221	mua
222	noise
224	noise
225	noise
226	noise
227	noise
228	mua
229	noise
230	good
231	mua
232	mua
234	mua
235	good
236	mua
238	good
248	mua
249	good
254	mua
255	noise
