cluster_id	KSLabel
0	mua
1	good
2	mua
3	good
4	good
5	mua
6	mua
7	mua
9	mua
10	mua
11	mua
12	mua
13	mua
14	good
15	mua
16	good
17	mua
18	good
19	good
20	good
21	mua
22	mua
23	good
24	mua
25	mua
26	good
27	good
28	good
29	mua
30	mua
31	mua
32	good
33	mua
34	mua
35	mua
36	mua
37	mua
39	good
41	mua
42	mua
43	mua
44	mua
45	good
46	mua
47	good
48	good
49	mua
50	mua
51	mua
52	mua
53	good
54	mua
55	mua
57	good
58	mua
59	mua
60	good
61	mua
62	mua
63	good
64	mua
65	mua
66	mua
67	good
68	good
71	good
72	good
73	good
74	mua
75	mua
76	mua
77	mua
78	mua
79	mua
80	mua
81	mua
82	mua
83	mua
84	mua
85	mua
86	mua
87	mua
88	mua
89	mua
90	mua
91	mua
92	mua
93	mua
94	mua
95	mua
96	mua
98	good
99	good
100	good
101	mua
102	mua
103	mua
105	mua
106	mua
107	mua
108	good
109	mua
110	good
111	good
112	good
113	good
114	mua
115	good
116	mua
117	good
118	good
119	good
120	good
121	good
122	good
124	good
125	mua
126	mua
129	good
130	good
131	good
132	mua
133	mua
134	mua
135	good
136	mua
137	good
138	good
139	mua
140	good
141	good
142	mua
143	good
144	mua
145	mua
146	mua
147	mua
148	mua
149	good
150	mua
151	mua
153	mua
154	mua
155	good
156	good
157	good
158	good
159	mua
160	mua
161	good
162	good
163	good
164	mua
165	good
166	good
167	good
168	good
169	good
170	good
172	mua
173	good
174	mua
175	mua
176	mua
177	mua
178	mua
179	good
180	good
182	mua
183	mua
184	mua
185	mua
186	mua
187	mua
188	mua
189	mua
190	mua
192	mua
193	good
194	good
195	mua
196	mua
197	mua
198	good
199	mua
200	mua
201	good
202	good
203	good
204	good
205	good
206	good
207	mua
208	good
209	mua
210	mua
211	good
212	mua
213	mua
214	good
215	mua
217	mua
218	mua
219	mua
220	good
221	mua
222	good
224	mua
225	mua
226	mua
227	good
228	mua
229	mua
230	mua
231	mua
232	good
234	mua
235	good
236	good
238	mua
248	mua
249	mua
254	mua
255	mua
