cluster_id	KSLabel
0	mua
1	mua
2	good
3	mua
4	mua
5	good
6	good
7	good
8	good
9	good
10	good
11	good
12	good
13	good
14	good
15	good
16	mua
17	good
18	good
19	good
20	mua
21	mua
22	mua
23	mua
24	mua
25	good
26	good
27	mua
28	good
29	good
30	good
31	good
32	good
33	mua
34	good
35	good
36	good
37	mua
38	mua
39	good
40	mua
41	good
42	good
44	good
45	mua
46	good
47	good
48	good
49	mua
50	mua
51	good
52	mua
53	good
54	good
55	mua
56	good
57	mua
58	good
59	mua
60	mua
61	mua
62	mua
63	good
64	mua
65	good
66	good
67	good
68	mua
69	mua
70	mua
71	mua
72	mua
73	good
74	mua
75	good
76	good
77	good
78	mua
79	mua
80	mua
81	mua
82	mua
83	mua
84	good
85	good
86	mua
87	good
88	mua
