cluster_id	KSLabel
0	mua
1	mua
2	mua
3	good
4	good
5	mua
6	mua
7	good
8	good
9	mua
10	mua
11	mua
12	mua
13	mua
14	mua
15	good
16	mua
17	mua
18	mua
19	mua
20	mua
21	mua
22	mua
23	good
24	mua
25	mua
26	mua
27	good
28	mua
29	mua
30	good
31	mua
32	mua
33	mua
34	mua
35	mua
36	good
37	mua
38	mua
39	mua
40	mua
41	good
42	mua
43	good
45	good
46	mua
47	mua
48	mua
49	mua
50	mua
51	mua
52	mua
53	mua
54	mua
55	mua
56	mua
57	good
58	good
59	good
61	mua
62	mua
63	good
64	good
65	mua
66	mua
67	mua
68	mua
69	mua
70	mua
71	good
72	mua
73	mua
74	mua
75	good
76	mua
77	good
78	mua
79	mua
80	mua
81	mua
82	mua
83	mua
84	good
85	good
86	mua
87	mua
88	mua
89	good
90	mua
91	mua
92	mua
93	mua
94	mua
95	mua
97	good
98	mua
99	mua
100	mua
101	mua
102	mua
103	mua
104	good
105	good
107	mua
108	good
109	mua
110	mua
111	mua
112	good
113	mua
114	good
115	mua
116	good
117	mua
118	mua
119	good
120	mua
121	good
122	mua
123	mua
124	good
125	good
126	mua
127	good
128	good
129	mua
130	good
131	mua
132	mua
133	good
134	good
135	good
136	mua
137	mua
138	mua
139	mua
140	mua
141	mua
142	mua
143	good
144	mua
145	good
146	mua
147	mua
148	mua
149	mua
150	mua
151	mua
152	good
153	mua
154	mua
155	mua
156	mua
