cluster_id	group
0	good
1	good
2	good
3	good
4	good
5	good
6	good
7	good
8	good
9	good
10	good
11	good
12	good
13	good
14	good
15	good
16	good
17	noise
18	good
19	noise
20	good
21	good
22	good
23	good
24	good
25	good
26	good
27	good
28	good
29	good
30	good
31	noise
32	noise
33	noise
34	noise
35	good
36	good
37	good
38	good
39	good
40	noise
41	good
42	good
43	good
45	good
46	good
47	good
49	good
50	good
51	good
52	good
53	good
54	good
55	noise
56	noise
57	good
58	good
59	good
61	good
62	noise
63	good
64	good
65	good
66	good
67	good
68	good
69	good
70	good
71	good
72	good
73	good
74	good
75	good
76	good
77	good
78	good
79	good
80	noise
81	good
82	good
83	noise
84	good
85	good
86	good
87	noise
88	good
89	good
90	noise
91	good
92	noise
93	good
94	good
95	noise
97	good
98	noise
99	noise
100	good
101	good
102	noise
103	good
104	good
105	good
107	good
108	good
109	noise
110	good
111	good
112	noise
113	good
114	good
115	good
116	good
117	good
118	good
119	good
120	good
121	noise
122	noise
123	noise
124	good
125	good
126	good
127	good
128	good
129	good
130	good
131	good
132	good
133	good
134	noise
135	good
136	good
137	noise
138	good
139	good
140	good
141	good
142	noise
143	good
144	good
145	good
146	good
147	good
148	good
149	good
150	good
151	good
152	good
153	good
154	noise
155	good
156	good
158	good
