cluster_id	group
2	noise
3	unsorted
4	noise
5	noise
6	unsorted
7	unsorted
8	unsorted
9	noise
10	noise
11	good
12	unsorted
13	mua
14	noise
15	good
16	noise
17	noise
18	unsorted
19	noise
20	noise
21	mua
22	noise
23	noise
24	unsorted
25	noise
26	noise
27	good
28	unsorted
29	noise
30	unsorted
31	good
32	unsorted
33	noise
34	good
35	good
36	noise
37	noise
38	good
39	noise
40	noise
41	good
42	unsorted
43	unsorted
44	unsorted
45	unsorted
46	mua
47	good
48	unsorted
49	good
50	unsorted
51	noise
52	unsorted
53	noise
54	unsorted
55	unsorted
56	unsorted
57	noise
58	noise
59	noise
60	good
61	unsorted
62	unsorted
63	good
64	unsorted
65	unsorted
66	unsorted
67	unsorted
68	noise
69	unsorted
70	unsorted
72	noise
73	unsorted
74	noise
75	mua
76	unsorted
77	good
78	noise
79	good
80	good
81	good
82	unsorted
83	good
84	unsorted
86	good
87	good
88	good
89	good
90	good
91	noise
92	unsorted
93	good
94	good
96	unsorted
97	mua
98	noise
99	noise
100	good
101	unsorted
102	noise
103	unsorted
104	noise
105	noise
107	noise
108	good
109	good
110	noise
111	good
112	unsorted
113	noise
114	unsorted
116	noise
117	unsorted
118	noise
119	good
120	good
121	noise
122	unsorted
123	noise
124	unsorted
125	good
126	noise
127	unsorted
128	noise
129	noise
130	unsorted
131	unsorted
132	noise
133	noise
134	unsorted
135	noise
136	unsorted
139	unsorted
140	unsorted
141	noise
142	unsorted
145	unsorted
146	noise
147	noise
148	unsorted
