cluster_id	KSLabel
0	mua
1	good
2	good
3	mua
4	mua
5	mua
6	mua
7	mua
8	good
9	good
10	mua
11	good
12	mua
13	good
14	mua
15	mua
16	good
17	mua
18	mua
19	good
20	mua
21	mua
22	good
23	mua
24	good
25	mua
26	good
27	mua
28	mua
29	mua
30	mua
31	mua
32	mua
33	good
34	good
35	good
36	good
37	good
38	mua
39	mua
40	good
41	good
42	good
43	mua
44	mua
45	mua
46	mua
47	good
48	mua
49	mua
50	mua
51	mua
52	mua
53	good
54	mua
55	mua
56	good
57	good
58	mua
59	mua
60	good
61	mua
62	good
63	good
64	mua
65	mua
66	mua
67	good
68	mua
69	mua
70	mua
71	good
72	good
73	good
74	mua
75	mua
76	mua
77	mua
78	mua
79	mua
80	good
81	good
82	mua
83	good
84	mua
85	mua
86	good
87	mua
88	mua
89	good
90	mua
91	mua
92	good
93	mua
94	mua
95	mua
96	mua
97	mua
98	mua
99	mua
100	good
101	mua
102	mua
103	mua
104	mua
105	mua
