{
    "sorter_name": "kilosort2",
    "datetime": "2023-05-11T04:38:44.588905",
    "runtime_trace": [
        "------------------------------------------",
        "Setting up environment variables",
        "---",
        "LD_LIBRARY_PATH is .:/usr/local/MATLAB/MATLAB_Runtime/v97/runtime/glnxa64:/usr/local/MATLAB/MATLAB_Runtime/v97/bin/glnxa64:/usr/local/MATLAB/MATLAB_Runtime/v97/sys/os/glnxa64:/usr/local/MATLAB/MATLAB_Runtime/v97/extern/bin/glnxa64",
        "Time   0s. Determining good channels..",
        "found 613465 threshold crossings in 310.38 seconds of data",
        "found 46 bad channels",
        "Time  77s. Computing whitening matrix..",
        "Getting channel whitening matrix...",
        "Channel-whitening matrix computed.",
        "Time  80s. Loading raw data and applying filters...",
        "Time 120s. Finished preprocessing 95 batches.",
        "random seed for clusterSingleBatches: 1",
        "Obtained 7 PC waveforms in 1.57 seconds",
        "time 1.87, pre clustered 1 / 95 batches",
        "time 0.36, compared 1 / 95 batches",
        "time 22.40, Re-ordered 95 batches.",
        "Time  25s. Optimizing templates ...",
        "26.65 sec, 1 / 96 batches, 201 units, nspks: 75.7880, mu: 10.0000, nst0: 230, merges: 0.1000, 0.0000",
        "Elapsed time is 69.558313 seconds.",
        "Finished learning templates",
        "Time  70s. Optimizing templates ...",
        "70.19 sec, 1 / 48 batches, 89 units, nspks: 36.3500, mu: 25.4037, nst0: 917",
        "Elapsed time is 78.140670 seconds.",
        "Time  78s. Optimizing templates ...",
        "78.48 sec, 1 / 47 batches, 89 units, nspks: 29.5000, mu: 25.4037, nst0: 731",
        "Elapsed time is 85.796466 seconds.",
        "Number of spikes before applying cutoff: 64872",
        "Finished compressing time-varying templates",
        "initialized spike counts",
        "Found 0 splits, checked 1/89 clusters, nccg 0",
        "Found 14 splits, checked 101/103 clusters, nccg 7",
        "Finished splitting. Found 14 splits, checked 103/103 clusters, nccg 7",
        "Found 0 splits, checked 1/103 clusters, nccg 0",
        "Found 3 splits, checked 101/106 clusters, nccg 9",
        "Finished splitting. Found 3 splits, checked 106/106 clusters, nccg 9",
        "Removing 12251 spikes from rez structure.",
        "found 37 good units",
        "Saving results to Phy"
    ],
    "error": false,
    "run_time": 336.4662326539983
}