cluster_id	group
0	good
1	good
2	good
3	good
4	good
5	good
6	noise
7	good
8	good
9	good
10	good
11	good
12	good
13	noise
14	good
15	good
16	good
17	noise
18	good
19	good
20	good
21	noise
22	good
23	good
24	good
25	good
26	good
27	good
28	good
29	good
30	good
31	good
32	good
33	good
34	good
35	good
36	good
37	good
38	good
39	good
40	good
41	good
42	good
43	good
44	noise
45	noise
46	good
47	good
48	good
49	good
50	good
51	good
52	good
53	noise
54	good
55	good
56	good
57	good
58	good
59	good
60	good
61	good
62	noise
64	good
65	good
66	good
67	good
68	good
69	noise
70	good
71	good
72	good
73	noise
74	good
75	noise
76	noise
77	noise
78	good
79	good
80	good
81	good
82	good
83	good
84	good
85	good
86	noise
87	good
88	good
89	good
90	good
91	good
92	good
93	good
94	good
95	good
96	good
97	good
98	good
99	good
100	noise
101	good
102	good
103	good
104	good
105	good
106	good
107	good
108	good
109	good
110	good
111	good
112	good
113	good
114	noise
115	good
116	good
117	noise
118	good
119	noise
120	good
121	good
122	good
123	good
124	good
125	good
126	good
127	good
128	noise
129	good
130	good
131	good
132	noise
133	noise
135	good
136	noise
137	good
138	good
139	good
140	good
141	noise
142	noise
143	good
144	good
145	noise
146	noise
147	good
148	good
149	noise
150	good
151	good
152	good
153	good
154	good
155	noise
157	noise
158	good
159	good
160	good
161	noise
162	good
163	good
164	good
165	good
166	good
167	noise
168	good
169	noise
170	good
171	good
172	good
173	good
174	good
175	good
176	good
177	noise
178	noise
179	noise
180	good
181	good
182	good
183	noise
184	noise
185	noise
186	good
187	good
188	good
189	good
190	good
191	good
192	good
193	good
195	good
196	good
197	good
198	good
199	good
200	good
201	good
202	good
203	good
204	good
205	good
206	good
207	good
208	good
209	good
210	good
211	noise
213	good
214	good
215	good
216	good
217	good
219	mua
220	noise
221	good
222	noise
223	good
224	good
225	good
226	good
