cluster_id	KSLabel
0	mua
1	mua
2	mua
3	mua
4	mua
5	mua
6	mua
7	good
8	mua
9	good
10	mua
11	mua
12	good
13	mua
14	mua
15	mua
16	mua
17	mua
18	mua
19	mua
20	mua
21	mua
22	good
23	good
24	mua
25	mua
26	good
27	mua
28	mua
29	mua
30	mua
31	mua
32	mua
33	mua
34	mua
35	mua
36	good
37	mua
38	mua
39	mua
40	mua
41	mua
42	mua
43	mua
44	good
45	mua
46	mua
47	mua
48	good
49	mua
50	mua
51	good
52	mua
53	good
54	mua
55	good
56	mua
57	mua
58	mua
59	mua
60	good
61	mua
62	good
64	mua
65	good
66	mua
67	mua
68	mua
69	mua
70	mua
71	mua
72	mua
73	mua
74	mua
75	good
76	mua
77	mua
78	mua
79	mua
80	mua
81	mua
82	mua
83	mua
84	mua
85	mua
86	mua
87	good
88	mua
89	mua
90	mua
91	mua
92	mua
93	mua
94	mua
95	mua
96	good
97	mua
98	mua
99	mua
100	good
101	mua
102	mua
103	good
104	mua
105	mua
106	good
107	mua
108	mua
109	mua
110	mua
111	mua
112	mua
113	good
114	good
115	mua
116	mua
117	good
118	mua
119	mua
120	mua
121	mua
122	mua
123	mua
124	mua
125	mua
126	mua
127	good
128	mua
129	mua
130	mua
131	good
132	mua
133	mua
135	mua
136	good
137	mua
138	mua
139	mua
140	mua
141	good
142	mua
143	mua
144	mua
145	mua
146	mua
147	mua
148	mua
149	mua
150	good
151	good
152	mua
153	mua
154	mua
155	mua
157	mua
158	mua
159	mua
160	mua
161	good
162	good
163	mua
164	mua
165	mua
166	mua
167	good
168	good
169	mua
170	good
171	good
172	mua
173	mua
174	mua
175	good
176	good
177	mua
178	good
179	good
180	mua
181	good
182	mua
183	good
184	mua
185	mua
186	mua
187	mua
188	good
189	good
190	mua
191	mua
192	good
193	good
195	mua
196	good
197	mua
198	mua
199	good
200	good
201	mua
202	mua
203	good
204	mua
205	good
206	good
207	mua
208	good
209	mua
210	mua
211	mua
213	good
214	good
215	mua
216	mua
217	mua
219	mua
220	mua
221	mua
222	mua
223	mua
224	mua
225	mua
226	mua
