cluster_id	KSLabel
0	good
1	mua
2	good
3	mua
4	mua
5	mua
6	mua
7	mua
8	mua
9	mua
10	mua
11	good
12	mua
13	mua
14	mua
15	mua
16	mua
17	mua
18	mua
19	mua
20	mua
21	mua
22	mua
23	mua
24	mua
25	mua
26	mua
27	mua
28	mua
29	good
30	good
31	mua
32	good
33	mua
34	mua
35	mua
36	mua
37	mua
38	mua
39	mua
40	mua
41	mua
42	good
43	mua
44	mua
45	mua
46	mua
47	good
48	good
49	mua
50	good
51	mua
52	good
53	mua
54	mua
55	mua
56	good
57	mua
58	mua
59	good
60	good
61	mua
62	mua
63	mua
64	good
65	mua
66	mua
67	good
68	good
69	mua
70	good
