cluster_id	group
0	good
1	good
2	good
3	noise
4	good
5	good
6	noise
7	noise
8	good
9	noise
10	noise
11	good
12	good
13	good
14	noise
15	good
16	noise
17	noise
18	good
19	good
20	good
21	good
22	good
23	good
24	noise
25	good
26	noise
27	good
28	noise
29	good
30	good
31	noise
32	good
33	noise
34	noise
35	good
36	good
37	noise
38	good
39	good
40	good
41	good
42	good
43	good
44	noise
45	noise
46	good
47	good
48	good
49	good
50	good
51	good
52	good
53	good
54	good
55	noise
56	good
57	good
58	noise
59	good
60	good
61	good
62	good
63	noise
64	good
65	good
66	good
67	good
68	good
69	good
70	good
