{
    "sorter_name": "kilosort2",
    "datetime": "2022-10-21T18:50:17.750267",
    "runtime_trace": [
        "------------------------------------------",
        "Setting up environment variables",
        "---",
        "LD_LIBRARY_PATH is .:/usr/local/MATLAB/MATLAB_Runtime/v97/runtime/glnxa64:/usr/local/MATLAB/MATLAB_Runtime/v97/bin/glnxa64:/usr/local/MATLAB/MATLAB_Runtime/v97/sys/os/glnxa64:/usr/local/MATLAB/MATLAB_Runtime/v97/extern/bin/glnxa64",
        "Time   0s. Determining good channels..",
        "found 353091 threshold crossings in 311.60 seconds of data",
        "found 99 bad channels",
        "Time  58s. Computing whitening matrix..",
        "Getting channel whitening matrix...",
        "Channel-whitening matrix computed.",
        "Time  62s. Loading raw data and applying filters...",
        "Time 229s. Finished preprocessing 285 batches.",
        "random seed for clusterSingleBatches: 1",
        "Obtained 7 PC waveforms in 1.95 seconds",
        "time 1.34, pre clustered 1 / 285 batches",
        "time 0.21, compared 1 / 285 batches",
        "time 26.88, Re-ordered 285 batches.",
        "Time  33s. Optimizing templates ...",
        "33.80 sec, 1 / 286 batches, 167 units, nspks: 57.7328, mu: 15.6583, nst0: 88, merges: 0.3000, 0.0000",
        "71.55 sec, 101 / 286 batches, 124 units, nspks: 114.3301, mu: 10.0000, nst0: 92, merges: 424.2256, 0.0000",
        "131.70 sec, 201 / 286 batches, 390 units, nspks: 571.4933, mu: 22.5597, nst0: 91, merges: 480.9362, 0.0729",
        "Elapsed time is 164.958116 seconds.",
        "Finished learning templates",
        "Time 165s. Optimizing templates ...",
        "165.25 sec, 1 / 143 batches, 10 units, nspks: 5.7000, mu: 13.1329, nst0: 764",
        "181.07 sec, 101 / 143 batches, 10 units, nspks: 123.4270, mu: 12.3211, nst0: 1082",
        "Elapsed time is 188.343169 seconds.",
        "Time 188s. Optimizing templates ...",
        "188.60 sec, 1 / 142 batches, 10 units, nspks: 5.2500, mu: 13.1329, nst0: 719",
        "208.56 sec, 101 / 142 batches, 10 units, nspks: 115.8044, mu: 12.3742, nst0: 709",
        "Elapsed time is 217.233144 seconds.",
        "Number of spikes before applying cutoff: 245451",
        "Finished compressing time-varying templates",
        "initialized spike counts",
        "Found 1 splits, checked 1/11 clusters, nccg 0",
        "Finished splitting. Found 12 splits, checked 22/22 clusters, nccg 2",
        "Found 1 splits, checked 1/23 clusters, nccg 0",
        "Finished splitting. Found 5 splits, checked 27/27 clusters, nccg 2",
        "Removing 209594 spikes from rez structure.",
        "found 3 good units",
        "Saving results to Phy"
    ],
    "error": false,
    "run_time": 719.8867826549977
}